<?xml version='1.0' encoding='utf-8'?>
<!DOCTYPE hibernate-configuration PUBLIC "-//Hibernate/Hibernate Configuration DTD//EN" 
  "http://www.hibernate.org/dtd/hibernate-configuration-3.0.dtd">
<hibernate-configuration>
	<session-factory>
		<property name="connection.url">
			jdbc:mysql://localhost:3306/baloncesto
		</property>
		<property name="connection.driver_class">
			com.mysql.cj.jdbc.Driver
		</property>
		<property name="connection.username">root</property>
		<property name="connection.password">1234</property>
		<property name="hibernate.show_sql">true</property>
		<!--<property name="hibernate.hbm2ddl.auto">create</property>-->
	</session-factory>
</hibernate-configuration>